id;descripcion;fecha_solicitud;fecha_respuesta;observacion;documento;documento_content_type
1;Creek;2020-12-11;2020-12-11;SDD Ergonomic Personal Loan Account;../fake-data/blob/hipster.png;image/png
2;Delaware SCSI;2020-12-10;2020-12-10;Communications Handmade Granite Computer parse;../fake-data/blob/hipster.png;image/png
3;Architect explicit synthesize;2020-12-10;2020-12-10;Gorgeous Cotton Bacon Ukraine Colombian Peso Unidad de Valor Real;../fake-data/blob/hipster.png;image/png
4;Berkshire;2020-12-10;2020-12-10;EXE Steel;../fake-data/blob/hipster.png;image/png
5;channels haptic azure;2020-12-11;2020-12-10;navigating value-added;../fake-data/blob/hipster.png;image/png
6;Coordinator optimize;2020-12-11;2020-12-11;deposit teal;../fake-data/blob/hipster.png;image/png
7;Engineer Germany Personal Loan Account;2020-12-11;2020-12-11;communities wireless grid-enabled;../fake-data/blob/hipster.png;image/png
8;Rwanda Franc;2020-12-11;2020-12-11;exuding;../fake-data/blob/hipster.png;image/png
9;pink Cambridgeshire;2020-12-10;2020-12-11;Parks;../fake-data/blob/hipster.png;image/png
10;Lebanon;2020-12-11;2020-12-10;GB;../fake-data/blob/hipster.png;image/png
